{"cameraMode":{"drawMode":0,"name":"Shaded","section":"Shading Mode"},"sceneLighting":true,"audioPlay":false,"sceneViewState":{"showFog":true,"showMaterialUpdate":false,"showSkybox":true,"showFlares":true,"showImageEffects":true,"showParticleSystems":true},"in2DMode":false,"pivot":{"x":2.5647006034851076,"y":8.540153503417969,"z":-11.751659393310547},"rotation":{"x":0.05947083234786987,"y":0.07837631553411484,"z":0.0046838996931910519,"w":-0.9951380491256714},"size":12.783889770507813,"orthographic":false}