{"cameraMode":{"drawMode":0,"name":"Shaded","section":"Shading Mode"},"sceneLighting":true,"audioPlay":false,"sceneViewState":{"showFog":true,"showMaterialUpdate":false,"showSkybox":true,"showFlares":true,"showImageEffects":true,"showParticleSystems":true},"in2DMode":false,"pivot":{"x":5.461860179901123,"y":1.9217565059661866,"z":-0.13195157051086427},"rotation":{"x":-0.07822991907596588,"y":0.00209127739071846,"z":-0.00016422991757281125,"w":-0.9969385862350464},"size":4.170950412750244,"orthographic":false}